{"Index": "N100", "Date": "2005-06-28", "Open": 713.700012, "High": 718.940002, "Low": 713.659973, "Close": 718.940002, "Adj Close": 718.940002, "Volume": 0.0, "CloseUSD": 877.10680244}